Stn_No,Lat,Long
50136,53.28,122.22
50246,52.19,124.43
50247,52.03,123.4
50349,51.42,124.2
50353,51.43,126.39
50425,50.15,120.11
50431,50.47,121.31
50434,50.29,121.41
50442,50.24,124.07
50445,50.35,123.44
50468,50.15,127.27
50514,49.34,117.26
50524,49.19,119.26
50525,49.09,119.45
50526,49.17,120.42
50527,49.13,119.45
50548,49.12,123.43
50557,49.1,125.14
50564,49.26,127.21
50566,49.35,128.28
50603,48.4,116.49
50618,48.13,118.16
50632,48.46,121.55
50639,48.0,122.44
50645,48.28,124.29
50646,48.29,124.51
50647,48.07,123.29
50655,48.3,126.11
50656,48.17,126.31
50658,48.03,125.53
50659,48.02,126.15
50673,48.53,130.24
50674,48.34,129.26
50727,47.1,119.57
50739,47.2,123.11
50741,47.56,123.3
50742,47.48,124.29
50745,47.23,123.55
50749,47.11,124.5
50750,47.54,125.18
50755,47.36,126.06
50756,47.26,126.58
50758,47.1,125.54
50767,47.14,127.06
50772,48.07,129.15
50774,47.44,128.55
50775,47.22,130.2
50776,47.34,130.5
50778,47.39,132.3
50779,48.22,134.17
50787,47.17,131.51
50788,47.14,131.59
50832,46.43,122.05
50833,46.43,122.54
50834,46.36,121.13
50838,46.05,122.03
50842,46.52,124.26
50844,46.24,123.25
50851,46.41,126.06
50852,46.52,126.29
50853,46.37,126.58
50854,46.23,125.19
50858,46.04,125.58
50859,46.15,126.16
50861,46.53,127.29
50862,46.59,128.01
50867,46.05,127.21
50871,46.44,129.53
50873,46.49,130.17
50877,46.18,129.35
50878,47.01,130.43
50879,46.12,130.31
50880,46.44,131.07
50884,46.38,131.09
50888,46.19,132.11
50892,46.48,134.0
50913,45.43,118.48
50915,45.31,116.58
50928,45.04,120.2
50934,45.24,121.32
50936,45.38,122.5
50937,45.03,121.28
50939,45.2,122.49
50940,45.51,123.1
50945,45.3,124.16
50946,45.11,124.5
50948,45.0,124.01
50949,45.07,124.5
50950,45.42,125.15
50953,45.45,126.46
50954,45.3,125.05
50955,45.23,126.18
50956,46.0,126.36
50958,45.31,126.57
50960,45.47,127.27
50962,45.57,128.02
50963,45.58,128.44
50964,45.5,128.48
50965,45.27,128.18
50968,45.13,127.58
50973,45.45,130.35
50978,45.17,130.57
50979,45.16,130.14
50983,45.46,132.58
50985,45.33,131.52
50987,45.15,131.08
51053,48.03,86.24
51058,47.06,86.37
51059,47.26,85.52
51060,47.42,86.52
51068,47.07,87.28
51076,47.44,88.05
51087,46.59,89.31
51133,46.44,83.0
51137,46.12,82.56
51145,46.33,83.39
51156,46.47,85.43
51186,46.4,90.23
51232,45.11,82.35
51238,44.54,82.04
51241,45.56,83.36
51243,45.37,84.51
51288,45.22,90.32
51328,44.12,80.25
51329,44.03,80.51
51330,44.58,81.01
51334,44.37,82.54
51346,44.26,84.4
51352,44.51,85.15
51353,45.01,86.06
51356,44.19,86.03
51357,44.2,85.37
51358,44.17,85.49
51359,44.19,86.12
51365,44.12,87.32
51367,44.08,86.49
51368,44.01,87.26
51369,43.58,87.39
51377,44.1,87.55
51378,44.01,89.1
51379,44.01,89.34
51430,43.5,81.09
51431,43.57,81.2
51433,43.48,82.34
51434,43.58,81.32
51435,43.28,82.14
51436,43.27,83.18
51437,43.09,81.08
51438,43.11,81.46
51463,43.47,87.37
51465,43.34,87.06
51467,42.4,86.2
51468,43.06,86.5
51469,43.17,87.07
51470,43.53,88.07
51477,43.21,88.19
51482,43.5,90.17
51495,43.29,91.38
51526,42.14,88.13
51542,43.02,84.09
51559,42.19,86.24
51567,42.05,86.34
51568,42.15,86.48
51571,42.48,88.38
51572,42.5,89.15
51573,42.56,89.12
51581,42.51,90.14
51627,41.13,79.14
51628,41.1,80.14
51629,41.16,80.14
51633,41.47,81.54
51636,41.32,82.37
51639,41.14,82.47
51642,41.47,84.15
51644,41.43,83.04
51655,41.21,86.16
51656,41.45,86.08
51701,40.31,75.24
51704,39.43,76.1
51705,39.43,75.15
51707,39.3,76.44
51708,39.09,75.57
51709,39.28,75.59
51711,40.56,78.27
51716,39.48,78.34
51717,39.15,76.47
51720,40.3,79.03
51722,40.39,80.24
51730,40.3,81.03
51765,40.38,87.42
51777,39.02,88.1
51802,38.56,76.1
51804,37.47,75.14
51810,38.55,77.38
51811,38.26,77.16
51814,37.55,77.24
51815,38.12,77.16
51818,37.37,78.17
51826,37.01,80.48
51827,37.17,79.43
51828,37.08,79.56
51829,37.05,80.1
51839,37.04,82.43
51848,37.56,83.39
51855,38.09,85.33
51886,38.15,90.51
51931,36.51,81.39
52101,43.36,93.0
52112,43.46,95.08
52118,43.16,94.42
52203,42.49,93.31
52267,41.57,101.04
52313,41.32,94.4
52323,41.48,97.02
52378,41.22,102.22
52418,40.09,94.41
52424,40.32,95.46
52436,40.16,97.02
52446,40.18,99.31
52447,40.0,98.54
52495,40.1,104.48
52515,39.31,94.53
52533,39.46,98.29
52546,39.22,99.5
52557,39.09,100.1
52575,39.18,102.42
52576,39.13,101.41
52602,38.45,93.2
52607,38.03,105.08
52633,38.48,98.25
52643,38.5,99.37
52645,38.25,99.35
52652,38.56,100.26
52656,38.27,100.49
52657,38.11,100.15
52661,38.48,101.05
52674,38.14,101.58
52679,37.55,102.4
52681,38.38,103.05
52707,36.48,93.41
52713,37.51,95.22
52737,37.22,97.22
52745,37.18,99.02
52749,37.05,99.35
52754,37.2,100.08
52765,37.23,101.37
52784,37.29,102.54
52787,37.12,102.52
52797,37.11,104.03
52815,36.48,95.18
52818,36.25,94.54
52825,36.26,96.25
52833,36.55,98.29
52835,36.04,97.48
52836,36.18,98.06
52842,36.47,99.05
52853,36.55,100.59
52854,36.37,100.16
52855,36.41,101.14
52856,36.16,100.37
52862,36.57,101.41
52863,36.49,101.57
52866,36.37,101.46
52868,36.02,101.26
52869,36.31,101.34
52874,36.29,102.23
52875,36.3,102.06
52876,36.19,102.51
52877,36.06,102.16
52884,36.21,103.56
52885,36.45,103.15
52889,36.03,103.53
52895,36.34,104.41
52896,36.33,104.11
52908,35.13,93.05
52941,35.53,99.59
52943,35.35,99.59
52955,35.35,100.45
52957,35.16,100.39
52963,35.56,102.02
52968,35.02,101.28
52972,35.5,102.33
52974,35.31,102.01
52978,35.12,102.31
52980,35.58,103.18
52981,35.4,103.24
52982,35.29,103.34
52983,35.52,104.09
52984,35.35,103.11
52985,35.26,103.21
52986,35.22,103.52
52988,35.22,103.43
52993,35.41,105.05
52995,35.35,104.37
52996,35.23,105.0
52998,35.08,104.12
53068,43.39,111.58
53083,44.37,114.09
53149,42.32,110.08
53192,44.01,114.57
53195,43.52,111.38
53231,41.24,106.24
53272,42.45,112.39
53276,42.24,112.54
53289,42.14,113.5
53324,41.27,106.59
53336,41.34,108.31
53337,41.06,108.16
53343,41.46,109.58
53348,41.01,109.08
53352,41.42,110.26
53357,41.02,110.03
53362,41.32,111.41
53367,41.19,111.14
53368,41.06,111.27
53378,41.16,112.37
53384,41.27,113.11
53385,41.34,113.33
53391,41.54,114.0
53392,41.51,114.36
53397,41.04,113.57
53399,41.09,114.42
53419,40.2,107.0
53420,40.54,107.08
53433,40.44,108.39
53446,40.4,109.51
53455,40.33,110.32
53457,40.24,110.02
53463,40.49,111.41
53464,40.41,111.09
53466,40.48,111.42
53467,40.16,111.11
53469,40.23,111.48
53472,40.52,112.34
53475,40.31,112.31
53478,40.0,112.27
53480,41.02,113.04
53481,40.48,113.13
53483,40.53,113.52
53484,40.27,113.09
53486,40.22,113.46
53487,40.06,113.2
53488,40.02,113.35
53490,40.26,114.03
53491,40.41,114.24
53492,40.06,114.09
53498,40.34,115.02
53499,40.46,114.44
53502,39.47,105.45
53505,39.05,105.23
53512,39.41,106.49
53513,40.45,107.25
53517,39.16,106.2
53518,39.0,106.22
53519,39.13,106.46
53522,40.03,107.51
53529,39.06,107.59
53533,39.51,108.44
53543,39.5,109.59
53545,39.34,109.44
53547,39.06,109.02
53553,39.4,110.52
53562,39.55,111.4
53564,39.23,111.09
53565,39.26,111.3
53567,39.02,111.05
53573,40.0,112.42
53574,39.31,112.16
53575,39.05,112.11
53576,39.3,112.49
53577,39.0,112.18
53578,39.18,112.26
53579,39.01,112.54
53580,39.49,113.06
53582,39.43,113.41
53584,39.34,113.1
53585,39.1,113.16
53588,39.02,113.32
53590,39.45,114.16
53593,39.5,114.34
53594,39.27,114.11
53596,38.5,115.09
53599,39.21,114.4
53602,38.5,105.4
53610,38.33,106.21
53611,38.54,106.33
53612,37.59,106.11
53614,38.29,106.13
53615,38.48,106.42
53617,38.01,106.04
53618,38.15,106.15
53619,38.07,106.18
53644,38.36,108.5
53646,38.14,109.42
53651,38.49,110.26
53658,38.02,110.29
53659,37.58,111.0
53660,39.01,111.05
53662,38.43,111.35
53663,38.55,111.49
53664,38.28,111.08
53665,38.17,111.39
53666,38.21,111.56
53669,38.04,111.47
53673,38.44,112.43
53674,38.25,112.42
53676,38.3,112.59
53677,37.56,112.29
53678,38.04,112.4
53679,37.44,112.33
53680,38.18,114.23
53681,38.5,113.22
53682,38.38,114.41
53685,38.04,113.25
53687,37.47,113.38
53688,38.27,114.33
53689,38.01,115.04
53690,38.51,114.11
53691,38.09,114.34
53692,38.44,114.59
53693,38.02,114.08
53694,38.15,114.12
53695,38.21,114.41
53696,38.31,115.0
53697,38.01,114.5
53698,38.02,114.25
53699,38.12,114.58
53704,37.32,105.11
53705,37.29,105.4
53707,36.56,105.15
53723,37.47,107.24
53725,37.35,107.35
53727,37.1,107.07
53730,38.11,107.29
53732,37.51,108.43
53735,37.37,108.48
53738,36.55,108.1
53740,37.56,109.14
53748,37.11,109.42
53750,37.46,110.1
53751,37.36,110.03
53753,37.26,110.53
53754,37.3,110.13
53756,37.31,110.43
53757,37.07,110.07
53759,36.59,110.5
53760,37.53,111.14
53763,37.55,112.1
53764,37.3,111.06
53767,37.2,111.1
53768,37.09,111.45
53769,37.15,111.47
53770,37.21,112.21
53771,37.27,112.03
53772,37.47,112.33
53773,36.2,114.37
53774,37.37,112.2
53775,37.26,112.32
53776,37.41,112.46
53777,37.32,112.09
53778,37.11,112.13
53780,37.54,113.1
53781,36.52,114.28
53782,37.51,113.33
53783,37.36,113.42
53784,37.45,114.47
53785,37.3,114.41
53786,37.05,113.22
53787,37.04,112.59
53788,37.2,113.34
53789,37.53,114.38
53790,37.36,114.37
53791,37.45,114.32
53792,37.27,114.23
53793,37.1,113.57
53794,37.21,114.45
53795,37.39,114.22
53796,37.37,114.53
53797,37.17,114.3
53798,37.04,114.3
53799,37.13,115.02
53806,36.34,105.39
53810,36.59,105.54
53817,36.0,106.16
53821,36.35,107.18
53829,35.59,107.54
53832,36.46,108.46
53841,36.53,109.19
53845,36.36,109.3
53848,36.16,109.21
53850,36.53,110.11
53852,36.46,110.38
53853,36.42,110.57
53854,36.35,110.04
53856,36.28,110.45
53857,36.04,110.11
53859,36.06,110.4
53860,36.59,111.1
53861,35.53,111.25
53862,36.51,111.48
53863,37.02,111.55
53864,36.24,111.06
53865,36.39,111.33
53866,36.14,111.4
53868,36.04,111.3
53869,36.35,111.43
53871,36.5,112.51
53872,36.46,112.41
53873,36.07,112.52
53874,36.16,111.55
53875,36.31,112.21
53877,36.1,112.15
53878,36.31,113.23
53879,36.19,112.53
53880,36.2,113.14
53881,37.17,106.29
53882,36.03,113.04
53883,37.08,114.42
53884,36.31,113.02
53885,36.08,113.12
53886,36.34,113.4
53888,36.12,113.26
53889,36.04,113.49
53890,36.43,114.12
53891,37.0,114.41
53892,36.36,114.3
53893,36.46,114.57
53894,36.25,114.13
53895,36.46,114.3
53896,36.21,114.57
53897,36.23,114.23
53898,36.07,114.22
53899,36.29,114.58
53903,35.58,105.43
53906,35.31,105.43
53908,35.13,105.14
53910,35.4,106.12
53914,35.37,106.07
53915,35.33,106.4
53916,35.3,106.19
53917,35.13,106.03
53923,35.44,107.38
53924,35.09,107.24
53925,35.41,107.11
53926,35.2,107.21
53927,35.13,106.38
53928,35.18,107.01
53929,35.12,107.48
53930,36.27,107.59
53931,36.0,109.23
53934,35.49,108.01
53935,35.3,108.21
53937,35.25,108.0
53938,35.1,108.18
53941,35.11,109.35
53942,35.49,109.3
53945,35.26,109.04
53946,35.36,109.49
53947,35.05,109.04
53948,34.57,109.35
53949,35.11,109.55
53950,35.14,110.09
53953,35.58,110.51
53954,35.35,110.57
53955,35.28,110.27
53956,35.24,110.5
53957,35.37,110.43
53958,35.09,110.43
53959,35.02,111.01
53961,35.39,111.29
53962,35.44,111.42
53963,35.39,111.22
53964,35.37,111.13
53965,35.31,111.34
53966,35.59,111.5
53967,35.2,111.12
53968,35.1,111.48
53970,35.42,112.12
53972,35.07,112.55
53973,35.47,112.55
53974,35.37,114.11
53975,35.29,112.24
53976,35.31,112.5
53978,35.05,112.38
53979,35.11,113.03
53980,36.33,114.48
53981,35.47,113.16
53982,35.14,113.16
53983,35.02,114.25
53984,35.14,113.25
53985,35.27,113.49
53986,35.19,113.53
53987,35.06,113.24
53988,35.16,113.4
53989,35.03,113.57
53990,35.54,114.1
53991,35.56,114.21
53992,35.41,114.33
53993,35.56,114.55
53994,35.23,114.04
53995,35.35,114.3
53996,36.27,114.42
53997,35.09,114.11
53998,35.12,114.39
54012,44.35,117.36
54024,44.27,119.18
54026,44.34,120.54
54027,43.59,119.24
54031,44.53,121.49
54039,44.02,122.01
54041,44.47,123.04
54047,44.08,123.18
54049,44.15,123.58
54063,44.58,126.0
54064,44.25,125.1
54065,44.32,125.4
54069,44.1,125.48
54072,44.5,126.32
54076,44.25,126.56
54080,44.54,127.09
54092,44.35,129.24
54093,44.56,130.33
54094,44.34,129.36
54096,44.23,131.09
54098,44.2,129.28
54099,44.06,131.11
54102,43.57,116.04
54113,43.32,118.39
54115,43.36,118.04
54117,43.15,117.32
54122,43.53,120.03
54132,42.24,121.04
54134,43.36,121.17
54135,43.36,122.16
54142,43.3,123.32
54154,43.21,124.18
54155,43.4,124.14
54156,43.31,124.48
54157,43.11,124.2
54161,43.54,125.13
54164,43.21,125.17
54165,43.3,125.39
54169,43.18,126.01
54171,43.42,126.31
54172,43.57,126.28
54181,43.42,127.2
54186,43.22,128.12
54187,43.07,128.55
54192,43.42,130.15
54195,43.2,129.46
54204,42.18,115.0
54205,42.15,115.59
54208,42.11,116.28
54209,42.15,117.14
54213,42.57,119.02
54214,42.35,118.25
54218,42.16,118.56
54223,42.51,120.39
54225,42.17,119.55
54226,42.2,120.42
54231,42.58,122.21
54234,42.44,121.47
54236,42.25,122.32
54237,42.05,121.43
54243,42.47,124.07
54244,42.45,123.2
54245,42.3,123.24
54248,42.02,123.32
54249,42.18,123.52
54252,42.44,124.45
54254,42.32,124.03
54259,42.06,124.55
54260,42.55,125.05
54261,42.41,125.27
54263,42.58,126.03
54266,42.32,125.38
54267,42.15,125.44
54273,42.59,126.45
54274,42.41,126.04
54276,42.21,126.49
54284,42.06,127.34
54285,42.32,128.15
54286,42.32,129.0
54290,42.46,129.24
54291,42.54,130.17
54292,42.53,129.28
54293,42.57,129.5
54301,41.4,115.42
54304,40.58,115.17
54305,41.53,115.16
54308,41.13,116.38
54311,41.56,117.45
54313,41.56,118.42
54316,41.31,118.45
54318,41.19,117.44
54319,41.0,118.4
54320,41.36,119.21
54321,41.52,119.38
54323,41.49,120.45
54324,41.33,120.27
54325,41.11,120.21
54326,41.23,119.42
54327,41.14,119.21
54328,41.05,119.43
54331,41.35,121.46
54332,41.31,122.43
54333,41.59,122.5
54334,41.31,121.14
54335,41.41,122.05
54336,41.23,122.26
54337,41.08,121.07
54338,41.11,122.01
54339,41.05,123.0
54342,41.44,123.27
54346,41.19,123.47
54347,41.14,123.1
54349,41.18,124.07
54351,41.55,124.05
54353,41.44,125.03
54362,41.4,125.45
54363,41.41,125.54
54365,41.16,125.21
54371,41.56,126.26
54374,41.48,126.55
54377,41.06,126.09
54386,41.21,128.1
54398,40.07,116.38
54399,39.59,116.17
54401,40.47,114.53
54404,40.54,115.5
54405,40.24,115.3
54406,40.27,115.58
54408,40.23,115.13
54410,40.36,116.08
54412,40.44,116.38
54416,40.23,116.52
54419,40.19,116.38
54420,40.56,117.2
54421,40.39,117.07
54423,40.58,117.56
54424,40.09,117.06
54425,40.25,117.29
54428,40.02,117.24
54429,40.12,117.57
54430,40.46,118.09
54431,39.55,116.38
54432,40.36,118.29
54433,39.57,116.29
54434,40.09,118.18
54436,40.24,118.57
54437,39.3,118.4
54438,39.53,118.52
54439,40.0,118.43
54449,39.56,119.36
54452,40.48,119.49
54453,40.46,120.5
54454,40.21,120.21
54455,40.35,120.42
54470,40.59,122.04
54471,40.4,122.16
54472,40.53,122.43
54474,40.25,122.21
54475,40.37,122.29
54476,40.1,122.09
54483,40.53,123.54
54486,40.17,123.17
54493,40.43,124.47
54494,40.28,124.04
54497,40.03,124.2
54499,40.13,116.13
54501,39.58,115.41
54502,39.29,115.58
54503,39.03,115.51
54504,39.26,115.1
54505,39.55,116.07
54506,39.2,115.51
54507,39.21,115.3
54510,39.53,116.59
54511,39.56,116.17
54512,39.26,116.17
54513,39.56,116.11
54514,39.52,116.15
54515,39.3,116.42
54517,39.06,117.1
54518,39.07,116.23
54519,39.19,116.29
54520,39.58,117.05
54521,39.46,116.59
54522,39.53,117.44
54523,39.24,117.06
54525,39.44,117.17
54526,39.04,117.25
54527,39.05,117.04
54528,39.14,117.08
54529,39.21,117.49
54530,39.14,117.46
54531,39.44,118.41
54532,39.48,118.06
54533,39.33,118.07
54534,39.4,118.09
54535,39.17,118.27
54539,39.26,118.53
54540,39.43,119.1
54541,39.53,119.14
54563,39.38,122.01
54568,39.05,121.42
54569,39.24,121.58
54575,39.25,122.22
54579,39.16,122.35
54584,39.43,122.57
54590,39.53,124.1
54594,39.45,116.2
54596,39.42,116.0
54597,39.44,115.44
54601,39.01,115.39
54602,38.51,115.31
54603,38.41,115.47
54604,38.25,115.2
54605,38.55,115.56
54606,38.14,115.44
54607,38.43,115.07
54608,38.0,115.33
54609,38.14,115.31
54610,38.43,116.05
54611,38.57,115.19
54612,38.52,116.27
54613,38.42,116.37
54614,38.27,116.05
54615,38.35,116.5
54616,38.2,116.5
54617,38.11,116.07
54618,38.05,116.33
54619,38.55,116.55
54620,38.29,115.34
54621,38.11,115.11
54622,38.59,117.22
54623,39.0,117.43
54624,38.22,117.21
54626,38.25,115.49
54627,38.02,117.14
54628,38.09,117.29
54631,37.04,115.09
54632,37.04,115.02
54633,37.31,115.14
54636,38.59,116.06
54640,36.55,114.52
54644,38.03,117.05
54645,38.5,117.3
54646,38.27,118.25
54660,38.49,121.14
54662,38.54,121.38
54700,38.02,115.59
54701,37.56,115.12
54702,37.44,115.42
54703,37.48,115.53
54704,37.33,115.34
54705,37.22,115.23
54706,37.04,115.39
54707,37.21,115.59
54708,37.31,115.43
54710,37.52,116.1
54711,37.41,116.18
54712,37.11,116.52
54713,37.53,116.32
54714,37.26,116.19
54715,37.2,116.34
54716,37.39,116.48
54717,37.38,116.24
54718,37.09,116.26
54719,38.02,116.41
54722,37.45,117.37
54725,37.3,117.31
54726,37.43,117.11
54727,36.43,117.33
54729,37.1,117.47
54730,37.41,118.07
54732,37.53,118.32
54734,37.22,118.01
54736,37.26,118.4
54737,37.09,118.08
54738,37.03,118.21
54744,37.36,118.32
54749,37.11,119.56
54751,37.56,120.43
54752,37.48,120.46
54753,37.37,120.19
54759,37.18,120.49
54764,37.3,121.15
54774,37.28,122.08
54776,37.24,122.41
54777,37.11,122.02
54778,37.1,122.23
54800,36.59,115.15
54801,36.51,115.29
54802,36.51,115.43
54804,36.18,115.09
54805,36.29,115.27
54806,36.25,115.57
54807,36.08,115.48
54808,36.02,115.35
54809,36.33,115.17
54810,36.52,116.16
54811,36.56,116.38
54814,36.35,116.13
54815,36.21,116.14
54817,35.59,115.52
54818,36.17,116.26
54819,36.11,116.47
54820,36.49,115.1
54821,36.59,117.07
54822,36.54,117.44
54823,36.41,116.59
54825,36.31,117.5
54826,36.15,117.06
54827,36.1,117.09
54828,36.15,117.39
54830,36.5,118.0
54831,36.42,118.28
54832,36.53,118.43
54835,36.3,118.33
54836,36.11,118.09
54842,36.46,119.56
54843,36.45,119.11
54844,36.25,119.1
54846,36.23,119.43
54848,35.59,119.25
54849,36.16,120.0
54851,36.52,120.29
54852,36.58,120.44
54855,36.23,120.28
54857,36.04,120.2
54861,36.54,121.29
54863,36.46,121.1
54871,36.52,122.26
54900,35.42,115.01
54901,36.04,115.11
54902,35.54,115.07
54903,35.55,115.29
54905,35.36,115.55
54906,35.15,115.26
54907,34.59,116.39
54908,35.17,115.05
54910,35.48,116.05
54911,35.56,116.27
54912,35.43,116.29
54913,35.45,116.48
54914,35.25,116.06
54915,35.26,116.35
54916,35.34,116.51
54917,35.06,116.18
54918,35.36,116.59
54919,35.25,117.0
54920,35.39,117.16
54921,35.27,116.26
54922,35.54,117.44
54923,35.43,117.55
54925,35.3,117.37
54927,35.07,117.08
54929,35.15,117.57
54932,35.48,118.4
54935,35.32,118.28
54936,35.35,118.5
54938,35.03,118.21
54939,35.15,118.5
54940,35.45,119.12
54943,35.53,120.0
54945,35.23,119.32
55228,32.3,80.05
55248,32.09,84.25
55279,31.23,90.01
55294,32.21,91.06
55299,31.29,92.04
55437,30.17,81.15
55472,30.57,88.38
55493,30.29,91.06
55569,29.05,87.36
55572,29.41,89.06
55578,29.15,88.53
55585,29.26,90.1
55589,29.18,90.59
55591,29.4,91.08
55593,29.51,91.44
55598,29.15,91.46
55655,28.11,85.58
55664,28.38,87.05
55680,28.55,89.36
55681,28.58,90.24
55690,27.59,91.57
55696,28.25,92.28
55773,27.44,89.05
56004,34.13,92.26
56016,33.51,95.36
56018,32.54,95.18
56021,34.08,95.47
56029,33.01,97.01
56033,34.55,98.13
56034,33.48,97.08
56038,32.59,98.06
56041,34.16,99.12
56043,34.28,100.15
56045,33.58,99.54
56046,33.45,99.39
56065,34.44,101.36
56067,33.26,101.29
56071,34.35,102.3
56074,34.0,102.05
56079,33.35,102.58
56080,35.0,102.54
56081,34.42,103.21
56082,34.35,103.3
56084,34.04,103.13
56091,34.51,104.27
56092,35.0,104.39
56093,34.26,104.01
56094,33.47,104.22
56095,34.02,104.23
56096,33.24,104.55
56097,33.16,104.14
56106,31.53,93.47
56109,31.29,93.47
56116,31.25,95.36
56125,32.12,96.29
56128,31.13,96.36
56137,31.09,97.1
56144,31.44,98.34
56146,31.37,100.0
56147,31.13,98.5
56151,32.56,100.45
56152,32.17,100.2
56158,31.24,100.4
56164,32.16,100.59
56167,30.59,101.07
56168,31.29,102.04
56171,32.54,101.42
56172,31.54,102.14
56173,32.48,102.33
56178,31.0,102.21
56180,31.41,103.51
56181,30.38,103.4
56182,32.39,103.34
56183,31.28,103.35
56184,31.26,103.1
56185,32.05,102.59
56186,31.2,104.12
56187,30.42,103.5
56188,30.59,103.4
56189,30.59,103.56
56190,31.39,104.25
56192,32.57,104.4
56193,32.25,104.31
56194,31.5,104.28
56195,31.47,104.44
56196,31.28,104.41
56197,31.08,104.11
56198,31.09,104.23
56199,31.02,104.41
56202,30.4,93.17
56223,30.45,95.5
56227,29.52,95.46
56228,30.03,96.55
56247,30.0,99.06
56251,30.56,100.19
56257,30.0,100.16
56263,30.53,101.53
56267,30.02,101.01
56272,30.49,103.53
56273,30.23,102.49
56276,30.26,103.48
56278,30.04,102.46
56279,30.09,102.56
56280,30.05,103.07
56281,30.12,103.31
56284,30.25,103.29
56285,30.36,103.31
56286,30.33,104.15
56287,29.59,103.0
56288,30.35,103.55
56289,30.12,103.52
56290,30.5,104.09
56291,30.58,104.17
56294,30.4,104.01
56295,30.23,104.33
56296,30.51,104.26
56297,30.01,104.09
56298,30.07,104.39
56307,29.09,92.35
56312,29.4,94.2
56317,29.13,94.13
56331,29.4,97.5
56342,29.41,98.36
56357,29.03,100.18
56371,29.55,102.14
56373,29.47,102.51
56374,30.03,101.58
56376,29.21,102.41
56378,29.14,102.21
56380,29.55,103.22
56381,30.01,103.31
56382,29.44,103.36
56383,29.5,103.5
56384,29.36,103.29
56385,29.31,103.2
56386,29.34,103.45
56387,29.14,103.16
56389,29.12,103.57
56390,29.4,104.04
56393,29.46,104.51
56394,29.27,104.26
56395,29.31,104.4
56396,29.21,104.46
56399,29.11,104.59
56434,28.39,97.28
56441,28.43,99.17
56443,28.56,99.48
56444,28.29,98.55
56459,27.56,101.16
56462,29.0,101.3
56473,28.57,102.46
56474,28.33,102.1
56475,28.39,102.31
56478,28.18,102.26
56479,28.0,102.51
56480,28.5,103.33
56483,28.36,103.57
56485,28.16,103.35
56487,28.2,103.08
56489,28.14,103.38
56490,28.57,103.54
56492,28.48,104.36
56493,28.51,104.58
56496,28.19,105.14
56497,28.04,104.15
56499,28.23,104.47
56533,27.45,98.4
56543,27.5,99.42
56548,27.1,99.17
56565,27.26,101.31
56567,27.18,100.51
56569,27.25,102.11
56571,27.54,102.16
56575,27.22,102.33
56578,27.04,102.45
56580,27.43,102.48
56582,27.45,103.54
56584,27.42,103.15
56585,27.11,103.32
56586,27.21,103.43
56592,28.26,104.31
56593,28.35,104.55
56594,27.38,104.03
56595,27.26,104.52
56596,27.51,105.03
56598,27.08,104.44
56641,26.54,98.52
56643,25.52,98.51
56645,26.25,99.25
56646,26.32,99.55
56649,26.07,99.58
56651,26.52,100.13
56652,26.41,100.45
56654,26.35,100.11
56664,26.38,101.16
56665,26.55,101.32
56666,26.35,101.43
56669,26.03,101.4
56670,26.54,102.07
56671,26.39,102.15
56673,26.55,102.55
56675,26.39,102.35
56684,26.25,103.17
56688,26.06,103.1
56691,26.52,104.17
56693,26.35,104.52
56697,26.13,104.05
56739,25.01,98.3
56741,25.59,98.49
56742,25.54,99.22
56745,25.41,99.57
56746,25.28,99.31
56748,25.07,99.1
56751,25.42,100.11
56752,25.5,100.34
56755,25.21,100.29
56756,25.29,100.35
56757,25.16,100.17
56761,25.43,101.19
56763,25.44,101.52
56764,25.32,101.14
56766,25.2,101.31
56767,25.11,101.17
56768,25.01,101.32
56772,25.14,102.3
56774,25.32,102.25
56775,25.35,102.26
56777,25.09,102.04
56778,25.01,102.41
56781,25.33,103.16
56782,25.25,103.33
56783,25.3,103.48
56785,25.2,103.02
56786,25.35,103.5
56788,25.02,103.4
56790,25.4,104.15
56792,25.47,104.58
56793,25.47,104.37
56835,24.22,97.57
56836,24.42,97.57
56838,24.01,97.51
56839,24.04,98.58
56840,24.49,98.18
56841,24.36,98.41
56842,24.44,99.11
56843,24.5,99.37
56844,24.26,98.35
56846,24.36,99.54
56849,24.02,99.14
56851,25.03,100.32
56854,24.27,100.08
56856,24.28,100.52
56862,24.41,101.36
56863,24.56,102.29
56867,23.53,100.53
56869,24.04,101.58
56870,24.4,102.1
56871,24.41,102.37
56872,24.57,102.37
56873,24.4,102.54
56875,24.21,102.33
56876,24.17,102.46
56878,24.07,102.45
56879,24.12,102.55
56880,24.55,103.1
56881,24.44,103.16
56882,24.53,102.48
56883,24.5,103.59
56885,24.24,103.27
56886,24.32,103.46
56889,24.03,104.11
56891,24.59,104.19
56898,24.11,102.24
56944,23.09,99.16
56946,23.33,99.24
56948,22.44,99.27
56949,22.2,99.37
56950,23.28,99.48
56951,23.53,100.05
56952,23.3,100.42
56954,22.34,99.56
56958,21.55,100.25
56959,22.0,100.48
56961,23.02,101.03
56962,23.26,101.43
56964,22.47,100.58
56966,23.36,101.59
56969,21.29,101.34
56970,23.42,102.29
56973,23.37,102.5
56975,23.22,102.26
56976,23.1,102.45
56977,22.35,101.51
56978,23.0,102.25
56982,23.42,103.15
56984,23.23,103.09
56985,23.23,103.23
56986,22.59,103.41
56987,22.47,103.14
56989,22.3,103.57
56991,23.37,104.2
56992,23.27,104.41
56994,23.23,104.15
56995,23.02,104.25
56996,23.08,104.42
57001,34.45,105.2
57002,34.52,105.4
57003,34.54,106.5
57004,34.44,104.53
57006,34.35,105.45
57007,34.11,105.11
57008,34.02,105.18
57011,34.45,106.09
57012,34.59,106.12
57014,34.33,105.53
57016,34.21,107.08
57020,34.22,107.24
57021,34.39,107.08
57022,34.41,107.47
57023,35.02,108.06
57024,34.27,107.39
57025,34.31,107.23
57026,34.24,107.54
57027,34.16,107.44
57028,34.02,107.19
57029,34.3,108.29
57030,34.42,108.09
57031,34.49,108.33
57032,34.06,108.12
57033,34.33,108.49
57034,34.15,108.13
57035,34.33,108.14
57036,34.18,108.56
57037,34.56,108.59
57038,34.17,108.27
57039,34.09,108.55
57040,34.31,109.05
57042,34.47,109.11
57043,34.52,109.56
57044,34.24,109.14
57045,34.31,109.29
57046,34.29,110.05
57047,34.1,109.19
57048,34.24,108.43
57049,34.31,109.44
57051,34.48,111.12
57052,34.53,110.27
57053,34.42,110.43
57054,34.33,110.14
57055,34.33,110.05
57056,34.32,110.51
57057,34.06,110.09
57060,35.1,111.14
57061,34.5,111.12
57063,34.46,111.46
57065,34.3,112.11
57066,34.23,111.4
57067,34.03,111.02
57070,34.43,112.09
57071,34.5,112.26
57072,34.55,112.47
57073,34.38,112.28
57074,34.25,112.25
57075,34.11,112.5
57076,34.43,112.49
57077,33.47,111.36
57078,34.09,112.28
57079,34.57,113.06
57080,34.44,112.58
57081,34.48,113.26
57082,34.27,113.02
57083,34.43,113.39
57085,34.33,113.22
57086,34.24,113.44
57087,34.12,113.48
57088,34.09,113.3
57089,34.01,113.51
57090,34.43,114.01
57091,34.46,114.23
57093,34.51,114.49
57094,34.24,114.12
57095,34.05,114.12
57096,34.32,114.47
57098,34.05,114.24
57099,34.04,114.51
57102,33.45,105.43
57105,33.2,105.36
57106,33.19,106.09
57110,33.47,106.05
57111,33.55,106.18
57113,33.54,106.32
57119,33.1,106.42
57124,33.38,106.56
57126,33.13,107.33
57127,33.04,107.02
57128,33.1,107.2
57129,32.59,107.43
57132,34.07,108.37
57134,33.32,107.59
57137,33.19,108.19
57140,33.4,109.07
57143,33.52,109.58
57144,33.26,109.09
57153,33.42,110.18
57154,33.32,110.54
57155,33.33,109.52
57156,33.18,111.3
57162,34.09,112.05
57169,33.03,111.52
57173,33.45,112.53
57175,33.03,112.14
57176,33.29,112.26
57177,33.2,113.32
57178,33.02,112.35
57179,33.17,113.0
57180,33.59,113.12
57181,33.53,113.03
57182,33.51,113.3
57183,33.48,113.55
57184,33.36,113.19
57185,33.27,113.35
57186,33.35,114.0
57187,33.04,112.56
57188,33.23,114.0
57189,33.09,114.0
57191,34.29,114.29
57192,33.44,114.51
57193,33.47,114.31
57194,33.17,114.16
57195,33.37,114.37
57196,33.27,114.53
57197,33.0,114.2
57198,33.33,114.37
57204,32.35,105.14
57206,32.26,105.51
57208,32.01,105.28
57211,32.5,106.15
57213,33.0,106.56
57216,32.21,106.5
57217,32.14,106.17
57231,32.32,108.32
57232,33.03,108.16
57233,32.54,108.3
57237,32.04,108.02
57238,32.32,107.54
57242,32.51,109.22
57245,32.43,109.02
57247,32.19,108.54
57248,32.24,109.2
57249,32.19,109.41
57251,33.0,110.25
57253,32.51,110.49
57254,32.49,110.07
57256,32.39,110.47
57257,32.14,110.14
57259,32.02,110.46
57260,32.34,111.31
57261,33.08,111.3
57265,32.23,111.4
57268,32.16,111.38
57271,32.33,112.23
57273,32.41,112.51
57274,32.42,112.05
57278,32.02,112.1
57279,32.09,112.45
57281,32.42,113.18
57285,32.23,113.25
57290,33.0,114.01
57292,32.57,114.38
57293,32.44,114.59
57294,32.48,114.02
57295,32.37,114.21
57296,32.21,114.44
57297,32.08,114.03
57298,32.13,114.33
57299,32.01,114.54
57303,31.44,105.55
57304,31.39,105.09
57306,31.35,105.58
57307,31.06,105.05
57308,31.13,105.23
57309,30.59,105.53
57313,31.51,106.46
57314,31.21,106.03
57315,31.32,106.24
57317,31.02,106.25
57318,31.04,106.33
57320,31.56,107.14
57324,31.34,107.06
57326,31.22,107.43
57328,31.12,107.3
57329,31.05,107.51
57333,31.57,108.4
57338,31.12,108.26
57339,30.58,108.54
57343,31.54,109.32
57345,31.24,109.37
57348,31.03,109.3
57349,31.04,109.52
57355,31.04,110.24
57358,31.0,110.41
57359,31.14,110.46
57361,31.53,111.16
57362,31.45,110.4
57363,31.47,111.5
57368,31.04,111.38
57370,31.43,112.14
57377,31.03,112.12
57378,31.1,112.34
57381,31.43,113.23
57385,31.37,113.49
57387,31.01,113.07
57388,31.16,113.42
57389,31.02,113.45
57390,31.48,114.04
57395,31.34,114.07
57396,31.38,114.51
57398,31.17,114.37
57399,31.11,115.01
57401,30.52,105.23
57402,30.46,105.42
57405,30.3,105.35
57407,30.17,105.02
57408,30.07,105.21
57409,30.11,105.5
57411,30.47,106.06
57413,30.51,106.58
57414,30.33,106.27
57415,30.28,106.38
57416,30.2,106.56
57417,30.21,106.17
57420,30.45,107.12
57425,30.2,107.21
57426,30.41,107.48
57431,30.5,108.21
57432,30.46,108.24
57437,30.18,108.02
57438,30.0,108.07
57439,30.17,108.56
57445,30.36,109.43
57447,30.17,109.28
57451,30.47,110.14
57458,30.12,110.4
57460,30.49,111.47
57461,30.42,111.18
57462,30.51,111.04
57464,30.28,111.11
57465,30.23,111.27
57466,30.26,111.45
57469,30.11,111.46
57475,30.25,112.53
57476,30.2,112.11
57477,30.04,112.13
57481,30.57,113.34
57482,30.54,113.57
57483,30.4,113.1
57485,30.22,113.26
57486,30.39,113.51
57489,30.35,114.0
57491,30.52,114.24
57492,30.51,114.48
57493,30.21,114.19
57494,30.37,114.08
57496,30.24,114.53
57498,30.27,114.53
57499,30.06,114.58
57502,29.42,105.42
57504,29.35,105.03
57505,29.25,105.36
57506,29.22,105.53
57507,29.2,105.18
57509,28.57,106.56
57510,29.51,106.03
57511,29.51,106.27
57512,29.58,106.17
57513,29.43,106.38
57514,29.35,106.14
57516,29.35,106.28
57517,29.17,106.15
57518,29.23,106.32
57519,29.09,107.05
57520,29.5,107.04
57522,29.45,107.25
57523,29.52,107.41
57525,29.19,107.45
57536,29.32,108.47
57537,29.18,108.1
57540,29.41,109.09
57541,30.0,109.29
57543,29.54,110.02
57544,29.28,109.27
57545,29.31,109.25
57554,29.24,110.1
57558,29.08,110.28
57562,29.35,111.22
57564,29.26,111.08
57565,29.39,111.45
57566,29.27,111.39
57571,29.42,112.23
57573,29.5,112.54
57574,29.22,112.24
57575,29.31,112.34
57577,29.24,112.1
57581,29.49,113.27
57582,29.43,113.53
57583,29.59,113.55
57584,29.23,113.05
57585,29.29,113.27
57586,29.32,114.02
57589,29.15,113.48
57590,29.5,114.2
57595,29.36,114.3
57598,29.02,114.35
57602,28.53,105.26
57603,28.49,105.5
57604,28.47,105.23
57605,28.02,105.49
57606,28.08,106.5
57608,28.1,105.26
57609,28.35,105.42
57612,29.01,106.39
57614,28.2,106.13
57622,28.57,107.09
57623,28.53,107.36
57625,28.33,107.27
57633,28.5,108.46
57634,28.31,107.53
57635,28.27,108.59
57636,28.34,108.3
57637,28.15,108.07
57640,28.35,109.27
57642,28.42,109.38
57643,29.0,109.5
57646,28.37,109.57
57647,28.09,109.11
57649,28.19,109.44
57655,28.28,110.24
57657,28.17,110.09
57658,28.01,110.12
57661,28.55,111.29
57662,29.03,111.41
57663,28.55,111.57
57666,28.31,112.08
57669,28.23,111.13
57671,28.51,112.22
57673,28.41,112.53
57674,28.34,112.23
57678,28.15,112.33
57679,28.12,113.05
57680,28.48,113.04
57682,28.43,113.34
57687,28.13,112.55
57688,28.09,113.38
57694,28.32,114.23
57696,28.24,114.47
57698,28.07,114.27
57699,28.14,114.55
57707,27.18,105.17
57708,27.09,105.36
57710,27.49,106.25
57713,27.42,106.53
57714,27.28,106.14
57717,27.32,106.49
57718,27.06,106.44
57719,27.04,106.58
57720,27.57,107.1
57722,27.46,107.28
57723,27.59,107.43
57728,27.04,107.28
57729,27.14,107.53
57730,27.45,108.11
57731,27.57,108.15
57732,28.01,108.24
57734,27.34,108.14
57735,27.14,108.43
57736,27.42,108.51
57737,27.02,108.08
57738,27.03,108.25
57739,27.14,108.53
57740,27.57,109.36
57741,27.43,109.11
57742,27.31,109.12
57743,27.53,109.48
57744,27.22,109.1
57745,27.27,109.41
57746,27.33,109.58
57752,27.55,110.36
57754,27.21,110.09
57758,27.04,110.35
57760,27.42,111.26
57761,27.45,111.18
57762,27.42,111.41
57763,27.44,112.0
57766,27.14,111.28
57767,27.07,111.02
57768,27.19,111.27
57769,27.14,111.44
57771,27.56,112.32
57772,27.45,112.3
57773,27.52,112.49
57774,27.27,112.1
57776,27.18,112.42
57777,27.14,112.52
57778,27.06,112.57
57779,27.0,113.21
57780,27.52,113.1
57781,27.39,113.3
57786,27.39,113.51
57789,27.08,113.57
57792,27.49,114.41
57793,27.48,114.23
57796,27.48,114.56
57798,27.24,114.36
57799,27.07,114.58
57800,26.46,105.22
57803,27.02,106.01
57805,26.41,105.46
57806,26.15,105.55
57807,26.12,105.28
57808,26.19,105.45
57809,26.03,105.46
57811,26.51,106.36
57813,26.34,106.28
57814,26.25,106.16
57816,26.35,106.43
57818,26.02,106.27
57821,26.42,107.3
57822,26.54,107.54
57823,27.0,107.47
57824,26.35,107.14
57825,26.36,107.59
57826,26.39,107.47
57827,26.16,107.31
57828,26.3,107.35
57829,26.12,107.48
57832,26.58,108.4
57834,26.41,108.18
57835,26.29,108.38
57837,26.24,108.04
57839,26.14,109.09
57840,26.54,109.12
57841,26.34,109.4
57842,26.53,109.41
57844,26.41,109.11
57845,26.1,109.47
57846,26.35,110.09
57851,26.27,110.51
57853,26.44,110.38
57857,26.22,110.19
57859,26.02,110.38
57860,27.0,111.16
57865,26.25,111.34
57866,26.14,111.37
57867,26.24,111.17
57868,26.36,111.52
57870,26.48,112.06
57871,26.59,112.22
57872,26.54,112.36
57874,26.25,112.24
57875,26.53,112.3
57876,26.24,112.51
57881,26.43,113.15
57882,26.47,113.33
57883,26.43,113.58
57886,26.3,113.47
57887,26.08,113.07
57889,26.05,113.57
57891,26.56,114.15
57894,26.35,114.1
57895,26.28,114.47
57896,26.2,114.3
57899,26.48,114.55
57900,25.5,105.13
57902,25.26,105.11
57903,25.56,105.36
57905,25.24,105.38
57906,25.11,106.05
57907,25.05,104.54
57908,25.07,105.29
57909,24.59,105.49
57910,25.46,106.05
57911,26.41,106.37
57912,26.08,106.38
57913,26.27,106.59
57914,26.25,106.4
57915,26.38,106.46
57916,25.26,106.46
57921,25.5,107.19
57922,25.5,107.33
57923,25.59,107.52
57926,25.25,107.53
57927,25.0,107.1
57932,25.58,108.32
57936,25.35,108.54
57941,25.47,109.36
57942,25.48,110.0
57947,25.13,109.24
57948,25.05,109.15
57949,24.59,110.0
57954,25.14,110.11
57955,25.37,110.4
57956,25.25,110.19
57957,25.19,110.18
57958,25.05,110.19
57960,25.56,111.04
57962,25.58,111.39
57964,25.3,111.09
57965,25.32,111.36
57966,25.36,111.57
57969,25.16,111.2
57971,25.55,112.12
57972,25.48,113.02
57973,25.45,112.43
57974,25.35,112.22
57975,25.23,112.12
57976,25.25,112.57
57978,25.17,112.33
57981,25.59,113.13
57985,25.34,113.41
57988,25.09,113.21
57989,25.06,113.44
57990,25.42,114.18
57991,25.48,114.33
57992,25.4,114.45
57993,25.51,114.57
57994,25.24,114.21
57995,25.24,114.56
57996,25.08,114.19
58001,34.26,115.06
58002,34.49,115.33
58004,34.39,115.09
58005,34.27,115.4
58006,34.23,115.53
58007,34.04,115.18
58008,34.28,115.2
58011,34.48,116.04
58012,34.41,116.35
58013,34.43,116.55
58015,34.25,116.2
58016,34.11,116.58
58017,34.15,116.08
58020,34.51,117.08
58024,34.52,117.35
58025,34.34,117.44
58026,34.18,117.57
58027,34.17,117.09
58034,34.37,118.22
58035,34.21,118.21
58036,34.31,118.44
58038,34.06,118.45
58040,34.5,119.07
58041,34.47,119.26
58044,34.35,119.1
58045,34.13,119.36
58046,34.29,119.47
58047,34.18,119.14
58048,34.06,119.21
58049,34.02,119.49
58100,33.38,115.11
58101,33.53,115.29
58102,33.52,115.46
58104,33.24,115.04
58107,33.04,115.15
58108,33.16,115.22
58109,33.11,115.37
58111,33.56,116.23
58113,33.56,116.47
58114,33.3,116.12
58116,33.59,116.49
58117,33.09,116.13
58118,33.17,116.33
58122,33.38,116.59
58125,33.33,117.33
58126,33.28,117.52
58127,32.58,117.12
58128,33.19,117.18
58129,33.08,117.53
58130,33.53,117.55
58131,33.57,118.14
58132,33.42,118.43
58135,33.27,118.13
58138,32.59,118.31
58139,33.18,118.51
58140,33.47,119.16
58143,33.48,119.48
58144,33.36,119.02
58145,33.32,119.1
58146,33.29,119.49
58147,33.02,119.02
58148,33.14,119.18
58150,33.46,120.15
58154,33.23,120.09
58158,33.12,120.29
58202,32.38,115.35
58203,32.55,115.49
58205,32.27,115.25
58207,32.09,115.02
58208,32.1,115.4
58210,32.37,116.16
58212,32.43,116.44
58214,32.2,116.17
58215,32.33,116.47
58220,32.28,117.09
58221,32.57,117.23
58222,32.52,117.33
58223,32.47,117.59
58224,32.39,117.01
58225,32.32,117.4
58230,32.05,118.16
58234,32.28,118.25
58235,32.21,118.5
58236,32.18,118.18
58237,32.03,118.37
58238,32.0,118.48
58240,32.41,119.01
58241,32.48,119.27
58242,32.17,119.1
58243,32.56,119.5
58244,32.27,119.34
58245,32.25,119.25
58246,32.3,119.56
58247,32.15,119.49
58248,32.13,119.28
58249,32.1,120.0
58250,32.31,120.09
58251,32.52,120.19
58252,32.11,119.28
58254,32.32,120.27
58255,32.23,120.34
58257,32.0,120.16
58259,32.01,120.51
58264,32.2,121.11
58265,32.04,121.36
58268,32.06,121.05
58269,31.47,121.39
58301,31.48,115.23
58306,31.41,115.53
58311,31.45,116.3
58314,31.24,116.19
58316,31.28,116.57
58317,30.52,116.22
58319,31.04,116.57
58320,31.44,117.08
58321,31.52,117.14
58323,31.53,117.28
58326,31.37,117.52
58327,31.15,117.17
58329,31.18,117.54
58330,31.43,118.07
58331,31.44,118.22
58333,31.57,118.51
58334,31.2,118.23
58335,31.34,118.3
58336,31.42,118.31
58337,31.05,118.11
58338,31.09,118.35
58339,31.19,118.53
58340,31.4,119.02
58341,31.59,119.35
58342,31.45,119.33
58343,31.46,119.56
58344,31.57,119.1
58345,31.26,119.29
58346,31.21,119.49
58351,31.53,120.16
58352,31.39,120.44
58353,31.52,120.33
58354,31.35,120.21
58356,31.25,120.57
58357,31.19,120.38
58358,31.04,120.26
58359,31.1,120.38
58360,31.53,121.1
58361,31.06,121.22
58362,31.24,121.29
58365,31.22,121.15
58366,31.37,121.27
58367,31.1,121.26
58369,31.03,121.46
58377,31.28,121.06
58401,30.47,115.24
58402,30.44,115.4
58404,30.27,115.15
58407,30.15,115.03
58408,30.14,115.26
58409,30.04,115.56
58414,30.27,116.18
58415,30.38,116.35
58416,30.25,116.39
58417,30.1,116.08
58418,30.08,116.42
58419,30.06,117.01
58420,30.43,117.13
58421,30.38,117.52
58423,30.29,117.47
58424,30.32,117.03
58426,30.18,118.08
58427,30.4,117.29
58428,30.13,117.29
58429,30.58,117.47
58431,30.55,118.19
58432,30.41,118.24
58433,30.56,118.45
58435,30.18,118.32
58436,30.37,118.59
58437,30.08,118.09
58438,30.05,118.35
58441,30.53,119.25
58442,31.08,119.11
58443,30.59,119.53
58445,30.21,119.25
58446,30.38,119.41
58448,30.14,119.42
58449,30.03,119.57
58450,30.51,120.05
58451,30.51,120.54
58452,30.47,120.44
58453,30.0,120.38
58454,30.32,120.04
58455,30.31,120.41
58456,30.38,120.32
58457,30.14,120.1
58458,30.31,120.56
58459,30.12,120.19
58460,30.54,121.1
58461,31.09,121.07
58462,31.0,121.15
58463,30.56,121.27
58464,30.37,121.05
58467,30.12,121.16
58468,30.04,121.09
58472,30.44,122.27
58477,30.02,122.06
58500,29.51,115.12
58501,29.51,115.33
58502,29.44,116.0
58503,29.41,115.4
58506,29.35,115.59
58507,29.17,115.06
58508,29.2,115.46
58509,29.03,115.49
58510,29.44,116.14
58514,29.27,116.03
58517,29.16,116.12
58519,29.0,116.41
58520,29.51,117.43
58523,29.56,117.56
58527,29.18,117.12
58529,29.16,117.51
58530,29.52,118.26
58531,29.43,118.17
58534,29.47,118.11
58537,29.08,118.24
58542,29.49,119.41
58543,29.37,119.01
58544,29.29,119.16
58546,29.28,119.53
58547,29.02,119.11
58548,29.13,119.28
58549,29.07,119.39
58550,29.42,120.15
58553,30.02,120.53
58555,29.31,120.53
58556,29.36,120.49
58557,29.19,120.04
58558,29.16,120.13
58559,29.1,120.59
58562,29.52,121.34
58563,29.58,121.45
58565,29.4,121.25
58567,29.18,121.26
58569,29.12,121.57
58570,29.57,122.18
58600,28.52,115.22
58601,28.42,115.23
58602,28.51,115.33
58605,28.25,115.23
58606,28.36,115.55
58608,28.04,115.33
58609,28.13,115.49
58612,28.42,116.41
58614,28.23,116.16
58615,28.41,117.05
58616,28.12,116.49
58617,28.0,116.22
58618,28.14,116.36
58620,28.58,117.08
58622,28.57,117.35
58624,28.24,117.26
58625,28.25,117.36
58626,28.18,117.13
58629,28.19,117.42
58631,28.54,118.3
58632,28.45,118.38
58633,28.58,118.52
58634,28.41,118.15
58635,28.26,118.12
58637,28.27,117.59
58642,28.53,119.48
58643,28.54,120.02
58644,28.36,119.17
58646,28.27,119.55
58647,28.05,119.08
58652,28.51,120.43
58653,28.49,120.55
58654,28.4,120.05
58656,28.07,120.58
58657,28.09,120.17
58658,28.09,120.41
58659,28.0,120.4
58660,28.51,121.08
58664,28.22,121.22
58665,28.37,121.25
58666,28.27,121.54
58667,28.05,121.16
58693,28.42,115.5
58701,27.46,115.24
58704,27.34,115.1
58705,27.2,115.25
58706,27.26,115.5
58707,27.13,115.08
58710,27.46,116.03
58712,27.55,116.47
58713,27.43,117.04
58714,27.33,116.13
58715,27.35,116.39
58718,27.13,116.32
58719,27.18,116.56
58724,27.31,117.18
58725,27.2,117.28
58730,27.46,118.02
58731,27.55,118.32
58734,27.2,118.07
58735,27.31,118.48
58736,27.22,118.49
58737,27.03,118.19
58742,28.07,119.33
58744,27.27,119.25
58745,27.37,119.04
58746,27.34,119.42
58747,27.09,119.21
58748,27.06,119.39
58749,27.15,119.54
58750,27.47,120.05
58751,27.41,120.34
58752,27.47,120.37
58754,27.2,120.12
58760,27.5,121.09
58765,27.38,121.12
58804,26.21,115.21
58806,26.29,116.01
58813,26.51,116.2
58814,26.21,116.21
58818,26.14,116.38
58819,26.12,116.51
58820,26.54,117.1
58821,26.44,117.28
58822,26.5,116.51
58823,26.48,117.48
58824,26.24,117.09
58826,26.24,117.48
58828,26.16,117.37
58834,26.39,118.1
58836,26.35,118.44
58837,26.1,118.09
58839,26.14,118.51
58843,26.53,120.0
58844,26.09,119.09
58845,26.3,119.32
58846,26.4,119.31
58847,26.05,119.17
58848,26.12,119.32
58903,25.52,116.02
58905,25.58,115.25
58906,25.36,115.48
58907,25.09,115.24
58911,25.51,116.22
58912,25.43,116.45
58917,25.06,116.06
58918,25.03,116.25
58921,25.58,117.21
58923,25.42,117.5
58926,25.18,117.25
58927,25.06,117.02
58928,25.01,117.32
58929,25.04,118.09
58931,25.43,118.06
58932,25.52,118.56
58933,26.55,118.59
58934,25.2,118.16
58935,25.29,118.14
58936,25.22,118.42
58938,25.14,118.59
58940,26.05,119.2
58941,25.58,119.3
58942,25.43,119.23
58944,25.31,119.47
58946,25.26,119.0
59001,24.47,105.2
59004,24.3,105.06
59007,24.04,105.04
59012,24.47,106.34
59015,24.21,106.34
59017,24.17,106.14
59021,24.33,107.02
59022,24.59,107.33
59023,24.42,108.03
59025,24.31,107.22
59027,24.08,107.15
59031,24.5,108.15
59033,24.47,108.54
59034,24.29,108.4
59037,23.56,108.06
59038,24.04,108.39
59041,24.39,109.15
59044,24.28,109.23
59045,24.29,109.45
59046,24.21,109.24
59047,24.15,109.2
59051,24.46,110.3
59052,24.5,110.49
59053,24.37,110.4
59055,24.3,110.24
59057,24.08,110.11
59058,24.12,110.31
59059,24.11,110.48
59061,24.49,111.16
59063,25.11,111.27
59064,24.33,111.19
59065,24.25,111.31
59071,24.43,112.17
59072,24.47,112.23
59074,24.34,112.09
59075,24.29,112.38
59081,24.47,113.16
59082,24.41,113.36
59087,23.52,113.32
59088,24.11,113.25
59090,24.57,114.04
59091,24.45,114.32
59092,24.55,114.49
59093,24.47,115.02
59094,24.22,114.07
59096,24.22,114.29
59097,24.03,114.12
59099,24.27,114.56
59102,24.57,115.39
59106,24.35,115.54
59107,24.06,115.15
59109,24.09,115.44
59113,24.44,116.43
59114,24.39,116.1
59116,24.2,116.42
59117,24.16,116.06
59122,24.37,117.45
59124,24.31,117.22
59125,24.22,117.19
59126,24.3,117.39
59127,24.27,117.49
59129,24.08,117.36
59130,24.43,118.08
59131,24.58,118.22
59133,24.54,118.55
59134,24.29,118.04
59137,24.49,118.34
59205,23.39,105.38
59209,23.25,105.5
59211,23.54,106.36
59213,23.44,106.55
59215,23.2,106.37
59218,23.08,106.25
59224,23.36,107.07
59227,23.05,107.09
59228,23.19,107.35
59229,23.11,107.42
59230,23.43,108.1
59235,23.26,108.37
59237,23.1,108.17
59238,23.13,108.48
59241,23.58,109.41
59242,23.45,109.14
59246,23.36,109.4
59249,23.07,109.37
59254,23.24,110.05
59255,23.33,110.23
59256,23.22,110.55
59264,23.27,111.3
59265,23.29,111.18
59266,23.25,111.14
59268,23.15,111.32
59269,23.09,111.46
59270,23.55,112.11
59271,23.38,112.26
59276,23.21,112.41
59278,23.03,112.28
59279,23.1,112.53
59280,23.43,113.01
59284,23.23,113.13
59285,23.33,113.35
59287,23.08,113.19
59288,23.01,113.06
59289,23.02,113.45
59290,23.44,114.14
59293,23.44,114.41
59294,23.18,113.49
59297,23.11,114.17
59298,23.05,114.25
59303,23.56,115.46
59304,23.38,115.11
59306,23.26,115.5
59310,23.46,116.11
59312,23.4,116.38
59313,23.41,116.59
59314,23.18,116.1
59315,23.34,116.23
59316,23.24,116.41
59317,23.02,116.18
59318,23.16,116.35
59319,23.28,116.46
59320,23.46,117.08
59321,23.47,117.3
59322,23.59,117.22
59324,23.26,117.02
59417,22.2,106.51
59419,22.06,106.45
59421,22.5,107.12
59425,22.24,107.21
59426,22.38,107.54
59427,22.07,107.04
59429,22.09,107.58
59431,22.49,108.21
59435,22.46,108.29
59441,22.42,109.15
59446,22.25,109.18
59448,22.16,109.33
59449,22.16,109.59
59451,22.42,110.21
59452,22.51,110.32
59453,22.39,110.1
59454,22.55,111.0
59456,22.21,110.56
59457,22.19,110.16
59462,22.46,111.34
59469,22.1,111.47
59470,22.43,112.13
59471,22.56,112.03
59473,22.46,112.58
59475,22.22,112.41
59476,22.32,113.02
59477,22.11,112.18
59478,22.15,112.47
59480,22.51,113.15
59481,22.57,113.22
59485,22.32,113.21
59487,22.13,113.17
59488,22.17,113.35
59492,22.55,114.42
59493,22.33,114.06
59500,22.58,115.19
59501,22.48,115.22
59502,22.57,115.39
59626,21.32,107.58
59631,21.47,108.21
59632,21.57,108.37
59635,21.37,108.21
59640,21.4,109.11
59644,21.27,109.08
59647,21.02,109.06
59650,21.23,110.15
59653,21.56,110.51
59654,21.38,110.17
59655,21.39,110.37
59656,21.26,110.46
59658,21.13,110.24
59659,21.39,110.53
59663,21.52,111.58
59664,21.3,111.0
59673,21.44,112.46
59750,20.55,110.06
59754,20.2,110.1
59757,20.0,110.22
59758,20.02,110.21
59838,19.06,108.37
59842,19.54,109.41
59843,19.44,110.0
59845,19.31,109.35
59847,19.16,109.03
59848,19.14,109.26
59849,19.02,109.5
59851,19.42,110.2
59854,19.22,110.06
59855,19.14,110.28
59856,19.37,110.45
59940,18.45,109.1
59941,18.46,109.31
59945,18.39,109.42
59948,18.14,109.31
59951,18.48,110.22
59954,18.3,110.02
59981,16.5,112.2
59985,16.32,111.37
54287,42.01,128.05
54824,36.38,117.57
54909,35.06,115.33
56391,30.03,103.49
58349,31.16,120.38
57600,28.44,105.04
58512,29.54,116.33
51747,39.0,83.4
58370,31.14,121.32
56674,26.3,101.44
58627,28.15,117.02
54709,37.13,116.04
54723,37.39,117.34
54724,37.2,117.1
54728,37.46,117.23
54731,37.29,118.14
54755,37.21,120.23
54765,37.32,121.24
54766,37.23,121.25
54803,36.58,116.01
54812,36.47,116.45
54816,36.37,116.47
54829,36.49,117.52
54833,36.58,118.05
54834,36.5,118.18
54837,36.42,118.5
54841,36.52,119.24
54853,36.1,120.25
54904,35.35,115.3
56494,28.39,104.09
57503,29.37,105.07
57508,28.59,105.27
58003,34.57,115.53
58021,34.47,117.15
58022,34.46,117.48
58030,34.54,118.06
58032,34.56,118.39
58568,29.07,121.22
58607,28.33,115.57
58484,30.15,122.12
58623,28.28,117.55
59432,22.49,108.21
58141,33.38,119.01
50137,53.28,122.22
56491,28.42,104.34
50971,45.46,131.01
54340,41.4,123.19
56498,28.1,104.3
57084,34.3,113.03
57351,30.5,111.0
57352,30.32,111.0
57353,30.5,111.0
57453,30.46,111.19
57749,27.34,110.0
54330,41.1,121.22
54345,41.12,123.04
54348,41.25,123.19
57190,33.45,114.24
50850,46.34,125.08
57131,34.26,108.58
57712,27.44,106.57
50924,45.32,119.4
55597,29.02,91.41
57041,34.38,108.55
58566,29.28,121.53
58619,28.0,116.22
58474,30.38,122.03
53603,39.5,106.22
53913,35.51,106.37
53944,35.34,109.15
54175,43.25,126.37
54279,42.03,126.35
56449,28.01,99.44
57386,31.15,114.0
57495,30.4,114.53
57596,29.38,114.12
57797,27.07,114.58
58112,30.44,116.27
58900,25.51,114.57
57123,34.17,108.04
58850,26.55,120.14
58561,29.59,121.36
52881,36.59,103.11
57171,33.46,113.07
57783,27.53,113.49
57794,27.38,114.01
58505,29.37,115.54
58560,29.03,120.26
58524,29.22,117.13
54565,39.36,121.28
57484,30.44,112.33
53601,38.46,105.54
57765,27.19,110.25
58473,30.44,122.49
58726,27.58,117.5
